{
  "87": "admin - undefined, age - 87, email - 87, password - 87",
  "admin": true,
  "name": "Lelo",
  "age": "30",
  "email": "123@321.com",
  "password": "patopata",
  "stefano": "admin - true, age - 23, email - scp@1906.pt, password - patachoca",
  "qw": "admin - 1, age - 1, email - qw, password - qw",
  "qwe": "admin - 1, age - 1, email - qwe, password - qwe",
  "wer": "admin - undefined, age - 2, email - wer, password - wer",
  "zxc": "admin - 1, age - 33, email - zxc, password - xzc",
  "er": "admin - 0, age - 44, email - er, password - er",
  "qwertyuiop": "admin - 1, age - 123456, email - qwertyuiop, password - qwertyuiop",
  "qwert": "admin - 1, age - 12346789876, email - qwert, password - qwert",
  "hg": "admin - 1, age - 76, email - hg, password - hgh",
  "jjjjj": "admin - 1, age - 88, email - jjjj, password - jjj",
  "kkk": "admin - 1, age - 99, email - kkk, password - kkk",
  "ggg": "admin - 1, age - 66, email - ggg, password - ggg",
  "l": "admin - 1, age - 8, email - l, password - l",
  "jkl": "admin - 1, age - 77, email - jkl, password - jkl",
  "lkj": "admin - 1, age - 12, email - lkj, password - lkj",
  "cv": "admin - 1, age - 77, email - cv, password - cv",
  "dfdf": "admin - 1, age - 98, email - df, password - df",
  "sd": "admin - 1, age - 2, email - sd, password - sd",
  "ttt": "admin - 1, age - 13, email - ttt, password - ttt",
  "Jorge Sousa": "admin - undefined, age - 20, email - email@email.com, password - 123",
  "rtyu": "admin - 1, age - 12, email - 1245tgh, password - qwert",
  "puayla ": "admin - 1, age - 15, email - sdfghj, password - 12341234",
  "lolo": "admin - 1, age - 19, email - lololo, password - qwert",
  "hgfds": "admin - 1, age - 55, email - kjhgfd, password - iuytr",
  "balas": "admin - 1, age - 8, email - balas@balas.com, password - balas"
}